{
  "baseline_linear_regression": {
    "rmse": 305.17694993784016,
    "mae": 217.44586988580684,
    "r2": 0.1868702830732406,
    "cv_rmse_mean": 381.4574095409718,
    "cv_rmse_std": 54.50227656104226,
    "cv_mae_mean": 296.09430432468406,
    "cv_mae_std": 34.995034038681105,
    "cv_r2_mean": 0.19859192644525314,
    "cv_r2_std": 0.16311689958171197
  },
  "improved_random_forest": {
    "rmse": 113.90330803333664,
    "mae": 67.43343816590563,
    "r2": 0.886726309207321,
    "cv_rmse_mean": 133.3634570969969,
    "cv_rmse_std": 16.583032122558233,
    "cv_mae_mean": 83.52869257175475,
    "cv_mae_std": 11.067961797418514,
    "cv_r2_mean": 0.8972416872857731,
    "cv_r2_std": 0.03657026864277114
  }
}